{
  "treatment_rate": 0.025546559636683747,
  "control_rate": 0.01785410644448223,
  "abs_lift": 0.007692453192201517,
  "rel_lift": 0.43085064022225833,
  "z": 7.3700781265454145,
  "p_value": 1.7053025658242404e-13,
  "ci95_low": 0.00595090043017032,
  "ci95_high": 0.009434005954232714,
  "incremental_conversions": 4342.982145893556,
  "n_treatment": 564577.0,
  "n_control": 23524.0
}